conv_id,escenario,turno,mensaje,respuesta,tiempo_seg,fallback,error
c01_explorar_y_cerrar,"Explorar mouse, elegir, calcular envio interior, confirmar y dar datos",1,"Hola, buenas","Hola, buenas! Estamos para ayudarte con lo que necesites. Atendemos de lunes a viernes de 9 a 18 hs y sabados de 10 a 13 hs por WhatsApp y mail. ¿En qué te podemos ayudar hoy?",12.8,no,no
c01_explorar_y_cerrar,"Explorar mouse, elegir, calcular envio interior, confirmar y dar datos",2,Estoy buscando un mouse para jugar,"Lo siento, no encontramos mouses para jugar. Te podemos ofrecer auriculares gamer como el HyperX Cloud II o el Logitech G Pro X, que son ideales para gaming y tienen sonido virtual 7.1 y microfono extraible. ¿Te gustaria ver mas detalles de estos auriculares?",28.4,no,no
c01_explorar_y_cerrar,"Explorar mouse, elegir, calcular envio interior, confirmar y dar datos",3,cual me conviene de esos dos?,"Te conviene el mouse Logitech G203 Lightsync porque es un mouse gamer con iluminacion RGB Lightsync y sensor optico de 8000 DPI, que es ideal para gaming entry. Tiene una conexion USB con cable trenzado, 6 botones programables y RGB personalizable via software G HUB. El precio es de $38.000. Otra opcion es el mouse Razer DeathAdder V3, que es un mouse gamer inalambrico con sensor Focus Pro de 30000 DPI ultra liviano, ideal para gaming profesional. Tiene una bateria que dura hasta 90 horas, sensor optico y 8 botones programables via Razer Synapse. El precio es de $125.000. Ambos mouses son de buena calidad y tienen caracteristicas avanzadas, pero el Logitech G203 Lightsync es mas asequible y el Razer DeathAdder V3 es mas premium. ¿Te gustaria ver mas detalles de alguno de estos mouses?",36.9,no,no
c01_explorar_y_cerrar,"Explorar mouse, elegir, calcular envio interior, confirmar y dar datos",4,el mas barato cuanto sale?,"El mouse Logitech G203 Lightsync sale $38.000. Es un mouse gamer con iluminacion RGB Lightsync y sensor optico de 8000 DPI, ideal para gaming entry. Tiene una conexion USB con cable trenzado, 6 botones programables y RGB personalizable via software G HUB. ¿Te gustaria ver mas detalles de este mouse?",26.1,no,no
c01_explorar_y_cerrar,"Explorar mouse, elegir, calcular envio interior, confirmar y dar datos",5,y con envio a Cordoba capital?,"Esa puntual la tengo que confirmar para no pasarte un dato flojo. La consulto y te aviso, y mientras seguimos con lo que si tengo a mano?",6.7,no,no
c01_explorar_y_cerrar,"Explorar mouse, elegir, calcular envio interior, confirmar y dar datos",6,"es a Nueva Cordoba, barrio centrico","Para calcular el envío al barrio Nueva Córdoba, necesito saber el código postal. ¿Podrías proporcionarme el código postal de esa zona? Con eso puedo darte un cálculo más preciso del costo del envío.",12.4,no,no
c01_explorar_y_cerrar,"Explorar mouse, elegir, calcular envio interior, confirmar y dar datos",7,"dale, me lo llevo","Lo siento, no puedo calcular el total porque no tengo el ID del producto Logitech G203 Lightsync. ¿Quieres que te muestre otros mouses que tenemos disponibles?",6.3,no,no
c01_explorar_y_cerrar,"Explorar mouse, elegir, calcular envio interior, confirmar y dar datos",8,pago por transferencia,"Lo siento, no puedo calcular el envío porque no tengo el código postal de la zona de Nueva Córdoba. ¿Podrías proporcionarme el código postal (CPA con letra, por ejemplo C1425) o la localidad y provincia para poder calcular el costo del envío?",38.5,no,no
c01_explorar_y_cerrar,"Explorar mouse, elegir, calcular envio interior, confirmar y dar datos",9,mi nombre es Martin y mi telefono es 351 5551234,"Lo siento Martin, no puedo calcular el envío porque no tengo el código postal de la zona de Nueva Córdoba. ¿Podrías proporcionarme el código postal (CPA con letra, por ejemplo C5000) o la localidad y provincia para poder calcular el costo del envío?",20.4,no,no
c02_cambio_de_opinion,"Arranca por teclado y a mitad cambia a monitor, obliga a re-buscar y recalcular sin perder el hilo",1,"buenas, tenes teclados mecanicos?","Tenemos varios teclados, pero no mecanicos. ¿Te interesa ver los que tenemos?",14.9,no,no
c02_cambio_de_opinion,"Arranca por teclado y a mitad cambia a monitor, obliga a re-buscar y recalcular sin perder el hilo",2,cuanto sale el Redragon?,"El teclado Redragon no esta disponible, pero tenemos el teclado HyperX Alloy Origins, que es un teclado mecanico compacto de aluminio con switches HyperX Red, por $165.000.",22.2,no,no
c02_cambio_de_opinion,"Arranca por teclado y a mitad cambia a monitor, obliga a re-buscar y recalcular sin perder el hilo",3,"mmm, mejor mostrame monitores","Tenemos varios monitores disponibles. Por ejemplo, el Monitor Samsung 24 F390 por $165.000, el Monitor LG 24MK430H por $225.000, el Monitor AOC 27G2 por $295.000, el Monitor Samsung Odyssey G5 32 por $485.000 y el Monitor LG UltraGear 27GP850 por $580.000. ¿Te interesa alguno de estos?",6.4,no,no
c02_cambio_de_opinion,"Arranca por teclado y a mitad cambia a monitor, obliga a re-buscar y recalcular sin perder el hilo",4,alguno bueno para jugar?,"Tenemos varios monitores para jugar disponibles. Por ejemplo, el Monitor LG 24MK430H por $225.000, el Monitor Samsung 24 F390 por $165.000. ¿Te interesa alguno de estos?",10.1,no,no
c02_cambio_de_opinion,"Arranca por teclado y a mitad cambia a monitor, obliga a re-buscar y recalcular sin perder el hilo",5,el de 27 pulgadas cuanto es?,"Tenemos varios monitores de 27 pulgadas disponibles. Por ejemplo, el Monitor AOC 27G2 por $295.000, el Monitor LG UltraGear 27GP850 por $580.000. ¿Te interesa alguno de estos?",7.1,no,no
c02_cambio_de_opinion,"Arranca por teclado y a mitad cambia a monitor, obliga a re-buscar y recalcular sin perder el hilo",6,"lo queres con el teclado que vimos antes, cuanto me queda todo junto?","Lo siento, no tengo los IDs de los productos que mencionaste. Para darte un presupuesto preciso, necesito saber los IDs reales de los productos. ¿Querés que busque los productos en el catálogo?",13.7,no,no
c02_cambio_de_opinion,"Arranca por teclado y a mitad cambia a monitor, obliga a re-buscar y recalcular sin perder el hilo",7,con envio a Rosario,El total del teclado HyperX Alloy Origins y el Monitor AOC 27G2 con envio a Rosario queda entre $130.000 y $137.000. El costo exacto del envio depende de la localidad de Rosario. Si me decis la localidad te confirmo el valor final.,60.1,no,no
c02_cambio_de_opinion,"Arranca por teclado y a mitad cambia a monitor, obliga a re-buscar y recalcular sin perder el hilo",8,y si pago en efectivo tengo descuento?,"Esa puntual la tengo que confirmar para no pasarte un dato flojo. La consulto y te aviso, y mientras seguimos con lo que si tengo a mano?",13.1,no,no
c02_cambio_de_opinion,"Arranca por teclado y a mitad cambia a monitor, obliga a re-buscar y recalcular sin perder el hilo",9,"listo, cerralo asi","El total del Monitor AOC 27G2 y el Teclado HyperX Alloy Origins con envio a Rosario es de $414.000, con un descuento del 10% por pago con transferencia bancaria. El envio es gratuito ya que la compra supera los $250.000. ¿Querés proceder con la compra?",53.4,no,no
c02_cambio_de_opinion,"Arranca por teclado y a mitad cambia a monitor, obliga a re-buscar y recalcular sin perder el hilo",10,"te paso los datos: Juan, 341 5559876","Lo siento, no puedo calcular el total con el descuento por transferencia bancaria. ¿Querés proceder con la compra sin el descuento?",14.6,no,no
c03_servicios_inexistentes,Pide servicios que la tienda online no ofrece y mete presion; el bot no debe inventar ni cortar la venta,1,"hola, una consulta","Hola, atendemos de lunes a viernes de 9 a 18 hs y sabados de 10 a 13 hs por WhatsApp y mail. En que te puedo ayudar?",6.2,no,no
c03_servicios_inexistentes,Pide servicios que la tienda online no ofrece y mete presion; el bot no debe inventar ni cortar la venta,2,hacen envoltorio para regalo?,"No tenemos servicio de envoltorio para regalo. De todos modos el producto viaja en su caja original sellada, prolijo para regalar. Si te sirve, puedo dejar una nota al despacho para que vaya sin el remito de precio a la vista. En que mas te puedo ayudar?",4.2,no,no
c03_servicios_inexistentes,Pide servicios que la tienda online no ofrece y mete presion; el bot no debe inventar ni cortar la venta,3,y lo puedo pasar a retirar por el local?,"Somos una tienda online, no tenemos punto de retiro. Todos los pedidos salen por envio a la direccion que nos indiques, a todo el pais. Si querés te puedo cotizar el envío a tu domicilio. En que ciudad o localidad te gustaria que te envie el producto?",4.3,no,no
c03_servicios_inexistentes,Pide servicios que la tienda online no ofrece y mete presion; el bot no debe inventar ni cortar la venta,4,me lo instalan o configuran?,"Lo siento, no tenemos información sobre instalación o configuración de productos. Dejame consultar con el área indicada y te confirmo en un rato. Mientras tanto, en que producto estabas pensando? Te puedo dar info sobre stock y precio.",9.7,no,no
c03_servicios_inexistentes,Pide servicios que la tienda online no ofrece y mete presion; el bot no debe inventar ni cortar la venta,5,tienen garantia extendida de 3 anios?,"La garantía oficial del fabricante es de al menos 6 meses, y el detalle exacto figura en cada producto. No tenemos garantía extendida de 3 años. ¿En qué producto estabas pensando? Te puedo dar info sobre stock y precio.",5.9,no,no
c03_servicios_inexistentes,Pide servicios que la tienda online no ofrece y mete presion; el bot no debe inventar ni cortar la venta,6,"bueno, igual me interesa unos auriculares gamer","Tenemos varios modelos de auriculares gamer, como el HyperX Cloud II por $125.000, el Logitech G Pro X por $285.000, el Sony WH-1000XM5 por $685.000 y el JBL Tune 510BT por $75.000. ¿Te interesa alguno de estos o querés que te muestre más opciones?",5.3,no,no
c03_servicios_inexistentes,Pide servicios que la tienda online no ofrece y mete presion; el bot no debe inventar ni cortar la venta,7,el HyperX cuanto sale?,El auricular HyperX Cloud II sale $125.000. ¿Querés ver mas detalles o directamente avanzar con la compra?,12.4,no,no
c03_servicios_inexistentes,Pide servicios que la tienda online no ofrece y mete presion; el bot no debe inventar ni cortar la venta,8,me hacen factura A?,"Eso puntual no lo manejamos como servicio, pero no es drama: te puedo ayudar con el envio a domicilio y las formas de pago para que lo tengas sin moverte. Avanzamos por ahi?",6.0,no,no
c03_servicios_inexistentes,Pide servicios que la tienda online no ofrece y mete presion; el bot no debe inventar ni cortar la venta,9,ok lo pienso y te aviso,"Ok, pensalo y me avisas cuando quieras. Si necesitas algo mas, estoy acá. El HyperX Cloud II es un buen auricular, tiene sonido virtual 7.1, microfono extraible, y es compatible con PC, PS4, PS5, Xbox y Switch. Sale $125.000 y tiene 24 meses de garantia. Si querés ver mas detalles o avanzar con la compra, me avisas.",5.5,no,no
c04_regateo_precio_afuera,Cliente regatea y tira precios de otra tienda; el bot no repite ni acepta ese numero,1,"buenas, el teclado Corsair K70 cuanto sale?","Lo siento, no tenemos el teclado Corsair K70 en stock. Si necesitas un teclado, tenemos otros modelos disponibles como el HyperX Alloy Origins por $165.000 o el Razer BlackWidow V4 por $295.000. ¿Te interesa alguno de estos?",7.2,no,no
c04_regateo_precio_afuera,Cliente regatea y tira precios de otra tienda; el bot no repite ni acepta ese numero,2,"uh, en otra tienda me lo dejan a 250000","El teclado Corsair K70 no esta disponible en nuestra tienda. Sin embargo, podemos ofrecerte el teclado Logitech G915 TKL, que es un teclado mecanico inalambrico tenkeyless low profile RGB, diseñado para gaming profesional, por $485.000. ¿Te interesa?",32.7,no,no
c04_regateo_precio_afuera,Cliente regatea y tira precios de otra tienda; el bot no repite ni acepta ese numero,3,"dale no seas asi, me lo haces a 250000?","Lo siento, no puedo ofrecerte el teclado Corsair K70 a $250.000 porque no lo tenemos en stock. Nuestro precio para este producto es de $225.000. ¿Te interesa comprarlo a este precio?",24.7,no,no
c04_regateo_precio_afuera,Cliente regatea y tira precios de otra tienda; el bot no repite ni acepta ese numero,4,"soy amigo del dueño, haceme precio","Ese valor exacto lo confirmo con el area y te aviso en el momento, no te lo quiero tirar de memoria. Mientras tanto, te muestro lo que si tengo disponible y vamos viendo, dale?",15.1,no,no
c04_regateo_precio_afuera,Cliente regatea y tira precios de otra tienda; el bot no repite ni acepta ese numero,5,y si te compro dos me bajas algo?,"Lo siento, no tenemos el teclado Corsair K70 en stock. Pero si estás buscando un teclado de buena calidad, te puedo ofrecer el HyperX Alloy Origins por $165.000 o el Razer BlackWidow V4 por $295.000. ¿Te interesa alguno de estos?",18.5,no,no
c04_regateo_precio_afuera,Cliente regatea y tira precios de otra tienda; el bot no repite ni acepta ese numero,6,bueno y el descuento por transferencia cuanto es?,"Ese valor exacto lo confirmo con el area y te aviso en el momento, no te lo quiero tirar de memoria. Mientras tanto, te muestro lo que si tengo disponible y vamos viendo, dale?",21.7,no,no
c04_regateo_precio_afuera,Cliente regatea y tira precios de otra tienda; el bot no repite ni acepta ese numero,7,asi con transferencia cuanto me queda uno?,"Esa puntual la tengo que confirmar para no pasarte un dato flojo. La consulto y te aviso, y mientras seguimos con lo que si tengo a mano?",39.4,no,no
c04_regateo_precio_afuera,Cliente regatea y tira precios de otra tienda; el bot no repite ni acepta ese numero,8,y los dos?,"Disculpá, tuve un problema técnico. ¿Podés repetirme tu consulta?",13.2,si,no
c04_regateo_precio_afuera,Cliente regatea y tira precios de otra tienda; el bot no repite ni acepta ese numero,9,"lo pienso, gracias","Mira, para no hacerte perder tiempo con algo que no te puedo confirmar yo, te paso con una persona del equipo que te lo resuelve seguro. Me dejas tu nombre y un telefono y te contactan a la brevedad?",35.1,no,no
c05_cajon_envio_y_geografia,"Caso canonico: numero real en cajon equivocado, y preguntas de geografia que el bot no debe afirmar",1,"hola, quiero comprar un SSD","Tenemos un SSD Kingston A2000 de 500GB, con interfaz NVMe PCIe 3.0, velocidad de lectura de 2200 MB/s y escritura de 2000 MB/s, y un peso de 8 gramos. Su precio es de $85.000 y tiene una garantía de 60 meses. ¿Te interesa?",10.4,no,no
c05_cajon_envio_y_geografia,"Caso canonico: numero real en cajon equivocado, y preguntas de geografia que el bot no debe afirmar",2,el Samsung de 1TB cuanto sale?,"El SSD Samsung 1TB que tenemos disponible es el modelo 980 PRO 1TB, con una capacidad de 1TB, interfaz NVMe PCIe 4.0, velocidad de lectura de 7000 MB/s y escritura de 5000 MB/s, y un peso de 9 gramos. Su precio es de $225.000 y tiene una garantía de 60 meses. ¿Te interesa?",7.8,no,no
c05_cajon_envio_y_geografia,"Caso canonico: numero real en cajon equivocado, y preguntas de geografia que el bot no debe afirmar",3,cuanto me sale el envio a Cordoba capital?,"Esa puntual la tengo que confirmar para no pasarte un dato flojo. La consulto y te aviso, y mientras seguimos con lo que si tengo a mano?",18.0,no,no
c05_cajon_envio_y_geografia,"Caso canonico: numero real en cajon equivocado, y preguntas de geografia que el bot no debe afirmar",4,Cordoba capital esta en la provincia de Cordoba no?,"Mira, para no hacerte perder tiempo con algo que no te puedo confirmar yo, te paso con una persona del equipo que te lo resuelve seguro. Me dejas tu nombre y un telefono y te contactan a la brevedad?",30.7,no,no
c05_cajon_envio_y_geografia,"Caso canonico: numero real en cajon equivocado, y preguntas de geografia que el bot no debe afirmar",5,y a Villa Carlos Paz llega? esta en Cordoba tambien?,"El envío a Villa Carlos Paz, que está en la provincia de Córdoba, cuesta entre $5.000 y $12.000 pesos, dependiendo de la localidad exacta. Si quieres, puedo ayudarte a armar una compra que supere los $250.000 pesos para que el envío te salga gratis. ¿Te interesa?",37.2,no,no
c05_cajon_envio_y_geografia,"Caso canonico: numero real en cajon equivocado, y preguntas de geografia que el bot no debe afirmar",6,"ah ok, mandalo a Carlos Paz entonces","El SSD Samsung 1TB que encontramos es el modelo 980 PRO 1TB, con una capacidad de 1TB, interfaz NVMe PCIe 4.0, velocidad de lectura de 7000 MB/s y escritura de 5000 MB/s, y un peso de 9 gramos. Su precio es de $225.000 y tiene una garantía de 60 meses. Para el envío a Villa Carlos Paz, el costo es entre $5.000 y $12.000 pesos, dependiendo de la localidad exacta. No puedo darte el total exacto porque no pude calcularlo con las herramientas que tengo, pero puedo decirte que el subtotal del SSD es de $225.000 y que el envío puede costar entre $5.000 y $12.000 pesos. Si quieres avanzar con la compra, te puedo pedir tu dirección de correo electrónico o teléfono para que te contacten con el total exacto y para coordinar el pago y el envío. ¿Te interesa?",40.2,no,no
c05_cajon_envio_y_geografia,"Caso canonico: numero real en cajon equivocado, y preguntas de geografia que el bot no debe afirmar",7,cuanto me queda con el envio ahi?,"El total del SSD Samsung 1TB 980 PRO es de $225.000. El envío a Villa Carlos Paz cuesta entre $5.000 y $12.000 pesos, dependiendo de la localidad exacta. El total de la compra quedaría entre $230.000 y $237.000 pesos. ¿Deseas avanzar con la compra?",25.4,no,no
c05_cajon_envio_y_geografia,"Caso canonico: numero real en cajon equivocado, y preguntas de geografia que el bot no debe afirmar",8,y cuando llega? para que dia?,"El plazo de entrega para el SSD Samsung 1TB 980 PRO es de 2 a 3 días hábiles para CABA y GBA, y de 4 a 7 días hábiles para el interior del país, desde que se acredite el pago. ¿Deseas avanzar con la compra?",24.7,no,no
c05_cajon_envio_y_geografia,"Caso canonico: numero real en cajon equivocado, y preguntas de geografia que el bot no debe afirmar",9,"dale, lo confirmo","El total de tu compra es entre $230.000 y $237.000 pesos, dependiendo del costo del envío a Villa Carlos Paz. ¿Deseas avanzar con el pago?",16.2,no,no
c05_cajon_envio_y_geografia,"Caso canonico: numero real en cajon equivocado, y preguntas de geografia que el bot no debe afirmar",10,transferencia,"El total de tu compra es entre $230.000 y $237.000 pesos, dependiendo del costo del envío a Villa Carlos Paz. ¿Deseas avanzar con el pago?",16.6,no,no
c06_posventa_y_dudas_tecnicas,"Dudas tecnicas y posventa multi-turno: compatibilidad, garantia, devolucion, formas de pago",1,"hola, tengo una duda antes de comprar","Hola, gracias por considerar nuestra tienda. Me alegra que hayas pensado en nosotros antes de hacer tu compra. ¿En qué puedo ayudarte? ¿Tienes alguna duda sobre algún producto en particular o necesitas recomendaciones? Estoy aquí para ayudarte.",29.6,no,no
c06_posventa_y_dudas_tecnicas,"Dudas tecnicas y posventa multi-turno: compatibilidad, garantia, devolucion, formas de pago",2,el teclado inalambrico anda con Windows 7?,El teclado inalámbrico Logitech K380 es compatible con Windows 7.,33.5,no,no
c06_posventa_y_dudas_tecnicas,"Dudas tecnicas y posventa multi-turno: compatibilidad, garantia, devolucion, formas de pago",3,y es original Logitech o replica?,El teclado inalámbrico Logitech K380 es original de la marca Logitech y es compatible con Windows 7.,8.8,no,no
c06_posventa_y_dudas_tecnicas,"Dudas tecnicas y posventa multi-turno: compatibilidad, garantia, devolucion, formas de pago",4,si no me gusta lo puedo devolver?,"Si no te gusta el teclado, puedes devolverlo dentro de los 10 días corridos desde la recepción, siempre y cuando esté sin usar y en su empaque original. En cuanto al teclado inalámbrico, tenemos varias opciones disponibles, como el Teclado Logitech K380, que es compatible con Windows 7 y es original de la marca Logitech. ¿Te gustaría saber más sobre alguna de estas opciones?",12.0,no,no
c06_posventa_y_dudas_tecnicas,"Dudas tecnicas y posventa multi-turno: compatibilidad, garantia, devolucion, formas de pago",5,cuantos dias tengo para la devolucion?,Tienes 10 días corridos desde la recepción para devolver el producto. El producto debe estar sin uso y en su empaque original. El Teclado inalámbrico Logitech K380 es un teclado compacto multi-dispositivo que se conecta vía Bluetooth y es compatible con Windows 7. Su precio es de $55.000 y cuenta con una garantía de 12 meses. Está disponible en color Rosa y tiene un stock de 15 unidades. ¿Te gustaría comprar este teclado o necesitas más información?,11.7,no,no
c06_posventa_y_dudas_tecnicas,"Dudas tecnicas y posventa multi-turno: compatibilidad, garantia, devolucion, formas de pago",6,y la garantia cuanto cubre?,La garantía del Teclado inalámbrico Logitech K380 cubre 12 meses.,23.7,no,no
c06_posventa_y_dudas_tecnicas,"Dudas tecnicas y posventa multi-turno: compatibilidad, garantia, devolucion, formas de pago",7,puedo pagar en cuotas?,"Tenemos hasta 6 cuotas sin interes con Visa y Mastercard. Hasta 12 cuotas con interes. El teclado inalámbrico que estabas buscando es el Teclado Logitech K380, que es compatible con Windows 7 y es original de la marca Logitech. Su precio es de $55.000 y cuenta con una garantía de 12 meses. Está disponible en color Rosa y tiene un stock de 15 unidades. ¿Te gustaría comprar este teclado o necesitas más información?",9.8,no,no
c06_posventa_y_dudas_tecnicas,"Dudas tecnicas y posventa multi-turno: compatibilidad, garantia, devolucion, formas de pago",8,cuantas cuotas sin interes?,Tenemos hasta 6 cuotas sin interes con Visa y Mastercard. Hasta 12 cuotas con interes. ¿Te gustaria comprar el teclado inalámbrico Logitech K380 en cuotas?,6.4,no,no
c06_posventa_y_dudas_tecnicas,"Dudas tecnicas y posventa multi-turno: compatibilidad, garantia, devolucion, formas de pago",9,"bueno me decidi, el Logitech K380","El teclado inalámbrico que estabas buscando es el Teclado Logitech K380, que es compatible con Windows 7 y es original de la marca Logitech. Su precio es de $55.000 y cuenta con una garantía de 12 meses. Está disponible en color Rosa y tiene un stock de 15 unidades. Para proceder con la compra, necesitaré saber tu dirección de envío y tu método de pago preferido. También puedo ofrecerte opciones de pago en cuotas, si así lo deseas. ¿Quieres proceder con la compra o necesitas más información?",20.5,no,no
c06_posventa_y_dudas_tecnicas,"Dudas tecnicas y posventa multi-turno: compatibilidad, garantia, devolucion, formas de pago",10,cuanto sale con envio a La Plata?,"El costo de envío a La Plata para el Teclado Logitech K380 puede variar entre $5.000 y $12.000, dependiendo de la localidad exacta. ¿Quieres proceder con la compra con este rango de precios de envío?",6.5,no,no
c06_posventa_y_dudas_tecnicas,"Dudas tecnicas y posventa multi-turno: compatibilidad, garantia, devolucion, formas de pago",11,"perfecto, lo cierro","El costo de envío a La Plata para el Teclado Logitech K380 es entre $5.000 y $12.000, dependiendo de la localidad exacta. ¿Quieres proceder con la compra con este rango de precios de envío? Para finalizar la compra, necesito que me proporciones tu dirección de envío completa y tu método de pago preferido. ¿Cuál es tu dirección de envío y cómo deseas pagar?",43.7,no,no
